tweet_text,timestamp,user_id,platform,likes,retweets
Super excited about the upcoming release! Can't wait! #excited,2025-03-17 04:45:47.465416,9433,Twitter,909,65
This movie totally was terrible. Complete waste of money. #disappointed,2025-03-09 20:03:53.465416,8380,Twitter,187,33
"This kind of is okay, not great but not terrible either. #neutral",2025-03-20 15:00:18.465416,3385,Twitter,972,7
Can't believe kind of how awesome the new update is! Very impressed!,2025-03-15 04:07:49.465416,5268,Facebook,684,12
Why is this service so slow? Frustrating to deal with.,2025-03-12 14:07:26.465416,1671,Twitter,991,7
The absolutely weather is nice today. Going for a walk later.,2025-03-16 06:39:42.465416,1163,Twitter,289,93
I hardly absolutely love this new product! It's amazing! #happy,2025-03-11 21:35:12.465416,9656,Twitter,44,95
Just an average kind of day. Nothing special to report.,2025-02-27 03:15:09.465416,5592,Facebook,572,99
Best experience ever! absolutely Highly recommend to everyone! #love,2025-03-19 13:05:32.465416,5795,Instagram,82,93
"This absolutely is okay, not great but not terrible either. #neutral",2025-03-20 16:42:31.465416,5798,Twitter,122,64
"This is okay, not great but not terrible either. #neutral",2025-03-05 06:29:55.465416,7036,Instagram,357,42
Super excited totally about the upcoming release! Can't wait! #excited,2025-02-28 23:46:37.465416,3355,Twitter,527,38
Can't believe how awesome the new update is! Very impressed!,2025-03-10 21:19:47.465416,6887,Instagram,65,80
Just somewhat had the worst customer service experience ever. Very disappointed. #angry,2025-02-25 05:32:39.465416,8961,Facebook,935,58
Just had the totally worst customer service experience ever. Very disappointed. #angry,2025-03-10 05:41:37.465416,6827,Facebook,656,83
This hardly movie was terrible. Complete waste of money. #disappointed,2025-03-09 20:24:50.465416,9737,Twitter,374,87
Can't believe absolutely how awesome the new update is! Very impressed!,2025-03-21 02:32:31.465416,5719,Instagram,161,85
The weather absolutely is nice today. Going for a walk later.,2025-03-02 02:00:40.465416,1593,Facebook,745,92
Just had the worst customer service experience ever. Very disappointed. #angry,2025-02-28 15:32:19.465416,5839,Twitter,379,85
Just had absolutely the worst customer service experience ever. Very disappointed. #angry,2025-02-26 14:16:57.465416,8394,Twitter,655,43
This absolutely movie was terrible. Complete waste of money. #disappointed,2025-02-22 02:38:57.465416,4493,Facebook,357,8
This movie was terrible. Complete waste of money. #disappointed,2025-03-10 16:29:19.465416,7164,Facebook,187,36
Just somewhat had the worst customer service experience ever. Very disappointed. #angry,2025-03-12 10:53:21.465416,3672,Twitter,321,73
Just barely an average day. Nothing special to report.,2025-02-25 02:10:54.465416,5200,Instagram,449,35
Just an average day. Nothing special to report.,2025-03-09 05:11:29.465416,1016,Instagram,473,91
This movie was totally terrible. Complete waste of money. #disappointed,2025-03-16 15:23:53.465416,4191,Instagram,12,27
"This is okay, not great but not terrible either. #neutral",2025-03-21 06:10:26.465416,1392,Twitter,183,41
"This is okay, not great but not terrible either. #neutral",2025-03-06 08:52:37.465416,9616,Facebook,110,42
Why is this service so slow? Frustrating to deal with.,2025-02-24 15:10:26.465416,7272,Twitter,926,84
Best totally experience ever! Highly recommend to everyone! #love,2025-02-24 18:07:48.465416,1571,Facebook,507,87
This movie was really terrible. Complete waste of money. #disappointed,2025-03-15 15:26:56.465416,4631,Instagram,289,41
Super excited about barely the upcoming release! Can't wait! #excited,2025-02-21 23:25:27.465416,7172,Instagram,294,65
This kind of movie was terrible. Complete waste of money. #disappointed,2025-02-23 13:42:27.465416,8177,Facebook,450,54
"This is okay, hardly not great but not terrible either. #neutral",2025-03-08 07:18:21.465416,9433,Facebook,903,71
I absolutely love this new product! It's amazing! #happy,2025-03-05 14:34:51.465416,4897,Twitter,214,47
Super excited about the upcoming release! Can't wait! #excited,2025-03-09 07:10:14.465416,9123,Instagram,973,90
Super excited about totally the upcoming release! Can't wait! #excited,2025-02-26 05:40:28.465416,3279,Twitter,631,21
Best experience ever! barely Highly recommend to everyone! #love,2025-03-01 17:40:45.465416,9980,Twitter,893,26
Super excited barely about the upcoming release! Can't wait! #excited,2025-02-28 22:49:17.465416,8451,Twitter,566,92
Why is this barely service so slow? Frustrating to deal with.,2025-03-02 03:24:07.465416,9906,Instagram,26,66
Can't believe how awesome the new update is! Very impressed!,2025-03-09 07:41:58.465416,1775,Twitter,629,12
Super excited hardly about the upcoming release! Can't wait! #excited,2025-03-19 04:36:03.465416,7869,Twitter,732,44
Best experience ever! Highly recommend to everyone! #love,2025-03-02 13:32:17.465416,3247,Twitter,230,9
Just an absolutely average day. Nothing special to report.,2025-03-20 08:05:26.465416,8088,Twitter,564,99
Best experience ever! really Highly recommend to everyone! #love,2025-03-15 12:20:53.465416,1078,Twitter,806,8
I absolutely kind of love this new product! It's amazing! #happy,2025-03-16 10:32:58.465416,9080,Twitter,320,53
Just an average day. Nothing special to report.,2025-03-09 16:45:21.465416,8099,Instagram,912,26
Just an average hardly day. Nothing special to report.,2025-03-21 19:12:02.465416,4926,Twitter,232,33
Just an average really day. Nothing special to report.,2025-03-17 22:29:24.465416,8340,Facebook,669,0
Best experience ever! totally Highly recommend to everyone! #love,2025-03-05 17:48:20.465416,8083,Twitter,436,31
The really weather is nice today. Going for a walk later.,2025-03-19 16:38:56.465416,7230,Twitter,780,88
I absolutely absolutely love this new product! It's amazing! #happy,2025-02-23 12:22:31.465416,5940,Instagram,532,92
Super really excited about the upcoming release! Can't wait! #excited,2025-02-25 18:42:51.465416,4271,Instagram,402,70
I absolutely love this new product! It's amazing! #happy,2025-02-22 10:55:19.465416,4456,Facebook,52,66
I absolutely love this new product! It's amazing! #happy,2025-03-02 11:07:47.465416,8788,Facebook,786,83
The really weather is nice today. Going for a walk later.,2025-02-26 10:35:56.465416,9599,Instagram,312,19
"This is barely okay, not great but not terrible either. #neutral",2025-03-08 14:38:54.465416,8650,Instagram,280,93
The weather is absolutely nice today. Going for a walk later.,2025-03-06 09:34:26.465416,3711,Twitter,725,34
This movie totally was terrible. Complete waste of money. #disappointed,2025-03-05 19:25:29.465416,2668,Instagram,30,98
This movie somewhat was terrible. Complete waste of money. #disappointed,2025-03-20 08:37:16.465416,1147,Facebook,336,90
The really weather is nice today. Going for a walk later.,2025-02-26 04:11:21.465416,7420,Twitter,182,89
The weather is kind of nice today. Going for a walk later.,2025-03-15 20:52:59.465416,1365,Facebook,22,77
Can't believe how kind of awesome the new update is! Very impressed!,2025-03-06 02:39:04.465416,5531,Twitter,543,16
"This totally is okay, not great but not terrible either. #neutral",2025-03-04 20:28:16.465416,6330,Instagram,445,17
I absolutely totally love this new product! It's amazing! #happy,2025-03-04 10:28:52.465416,6510,Facebook,73,44
This absolutely movie was terrible. Complete waste of money. #disappointed,2025-03-10 16:54:03.465416,9754,Twitter,9,92
Just an totally average day. Nothing special to report.,2025-03-22 07:28:24.465416,9964,Twitter,483,83
Best experience absolutely ever! Highly recommend to everyone! #love,2025-02-24 05:11:59.465416,7493,Instagram,455,52
Just an really average day. Nothing special to report.,2025-03-16 05:32:43.465416,6439,Instagram,565,90
I absolutely absolutely love this new product! It's amazing! #happy,2025-03-20 12:28:08.465416,7511,Instagram,563,81
Why is this service so slow? Frustrating to deal with.,2025-02-25 04:40:42.465416,8504,Facebook,659,67
Super excited about kind of the upcoming release! Can't wait! #excited,2025-02-25 10:01:40.465416,2246,Twitter,159,64
"This is okay, not great but not terrible either. #neutral",2025-03-07 23:58:06.465416,4839,Instagram,881,0
The weather is nice today. Going for a walk later.,2025-03-09 02:17:15.465416,9551,Facebook,13,57
This movie was terrible. Complete waste of money. #disappointed,2025-02-22 19:31:16.465416,3376,Facebook,177,25
I absolutely hardly love this new product! It's amazing! #happy,2025-03-20 14:30:40.465416,4009,Facebook,411,19
"This is okay, really not great but not terrible either. #neutral",2025-03-14 15:29:20.465416,2827,Instagram,877,86
Just an hardly average day. Nothing special to report.,2025-03-09 00:41:59.465416,7979,Instagram,52,9
Just barely had the worst customer service experience ever. Very disappointed. #angry,2025-02-22 01:08:27.465416,9569,Twitter,407,58
Can't believe how awesome the new update is! Very impressed!,2025-02-25 16:49:27.465416,5285,Twitter,846,74
I absolutely love absolutely this new product! It's amazing! #happy,2025-03-13 07:15:07.465416,7910,Instagram,21,40
"This is okay, really not great but not terrible either. #neutral",2025-02-27 01:47:26.465416,9561,Facebook,29,4
"This is hardly okay, not great but not terrible either. #neutral",2025-03-19 17:54:45.465416,3196,Facebook,702,64
The weather is nice today. Going for a walk later.,2025-03-23 03:33:48.465416,4747,Facebook,259,16
"This is okay, not great but not terrible either. #neutral",2025-02-22 03:30:59.465416,9843,Twitter,204,21
Just had the really worst customer service experience ever. Very disappointed. #angry,2025-03-04 14:23:13.465416,6978,Facebook,58,97
I absolutely love barely this new product! It's amazing! #happy,2025-03-11 21:10:05.465416,6607,Twitter,470,40
Can't really believe how awesome the new update is! Very impressed!,2025-03-15 22:14:57.465416,1769,Twitter,775,92
Why is this service so slow? Frustrating to deal with.,2025-02-25 20:00:51.465416,1780,Facebook,465,67
Just an average day. Nothing special to report.,2025-03-07 17:10:20.465416,7303,Facebook,11,68
I absolutely love totally this new product! It's amazing! #happy,2025-03-11 08:50:40.465416,4983,Instagram,630,10
I barely absolutely love this new product! It's amazing! #happy,2025-02-23 17:07:34.465416,9714,Instagram,926,55
Super excited kind of about the upcoming release! Can't wait! #excited,2025-02-26 07:23:46.465416,1521,Facebook,973,50
Just an hardly average day. Nothing special to report.,2025-02-24 06:13:57.465416,8569,Twitter,289,20
"This is okay, somewhat not great but not terrible either. #neutral",2025-03-09 19:08:52.465416,6784,Twitter,849,98
The weather is totally nice today. Going for a walk later.,2025-03-07 17:26:44.465416,5583,Twitter,759,75
Best experience ever! Highly recommend to everyone! #love,2025-03-13 13:44:48.465416,6946,Twitter,353,25
I absolutely love this new product! It's amazing! #happy,2025-03-21 10:40:45.465416,5941,Twitter,638,18
Just an average day. Nothing special to report.,2025-03-08 18:10:28.465416,7267,Instagram,74,59
Super excited totally about the upcoming release! Can't wait! #excited,2025-03-13 20:55:45.465416,8128,Facebook,872,70
"This is barely okay, not great but not terrible either. #neutral",2025-03-07 09:53:59.465416,3461,Instagram,715,46
Super barely excited about the upcoming release! Can't wait! #excited,2025-03-14 15:59:22.465416,1685,Twitter,560,70
This movie was terrible. Complete waste of money. #disappointed,2025-02-24 14:04:58.465416,3160,Twitter,590,25
"This is absolutely okay, not great but not terrible either. #neutral",2025-03-16 00:25:53.465416,8031,Twitter,440,39
Just had totally the worst customer service experience ever. Very disappointed. #angry,2025-03-15 16:36:12.465416,6341,Twitter,990,4
"This is totally okay, not great but not terrible either. #neutral",2025-02-23 10:33:42.465416,1038,Facebook,240,20
The hardly weather is nice today. Going for a walk later.,2025-03-09 13:39:35.465416,5875,Twitter,860,77
Can't believe totally how awesome the new update is! Very impressed!,2025-03-05 22:58:18.465416,2256,Facebook,153,3
Why barely is this service so slow? Frustrating to deal with.,2025-03-21 20:20:33.465416,8697,Twitter,785,22
Super excited barely about the upcoming release! Can't wait! #excited,2025-02-22 15:51:33.465416,3196,Facebook,95,83
"This absolutely is okay, not great but not terrible either. #neutral",2025-02-21 21:14:27.465416,8165,Instagram,725,14
Just had the hardly worst customer service experience ever. Very disappointed. #angry,2025-03-09 07:00:28.465416,1301,Twitter,293,92
I absolutely kind of love this new product! It's amazing! #happy,2025-03-22 12:53:03.465416,8527,Facebook,208,7
Super somewhat excited about the upcoming release! Can't wait! #excited,2025-03-11 23:19:45.465416,7381,Instagram,342,40
Super absolutely excited about the upcoming release! Can't wait! #excited,2025-03-17 11:00:43.465416,1646,Twitter,87,18
I absolutely love really this new product! It's amazing! #happy,2025-03-22 14:53:10.465416,9789,Twitter,817,45
Just hardly had the worst customer service experience ever. Very disappointed. #angry,2025-03-07 06:59:51.465416,9853,Twitter,775,27
This movie was terrible. Complete waste of money. #disappointed,2025-03-02 23:10:09.465416,5330,Facebook,936,90
I absolutely love this new product! It's amazing! #happy,2025-03-01 05:40:48.465416,8003,Facebook,389,67
Super excited barely about the upcoming release! Can't wait! #excited,2025-03-11 16:14:14.465416,4537,Instagram,324,14
Super excited about somewhat the upcoming release! Can't wait! #excited,2025-03-13 04:10:39.465416,5558,Facebook,939,98
Why is barely this service so slow? Frustrating to deal with.,2025-03-03 00:07:33.465416,7579,Facebook,888,36
Why is hardly this service so slow? Frustrating to deal with.,2025-03-16 10:09:18.465416,9474,Twitter,831,0
Can't believe somewhat how awesome the new update is! Very impressed!,2025-03-13 05:31:33.465416,5082,Twitter,156,66
Why is really this service so slow? Frustrating to deal with.,2025-03-14 19:22:54.465416,5183,Twitter,667,23
Why is somewhat this service so slow? Frustrating to deal with.,2025-03-05 19:56:49.465416,9652,Twitter,650,26
Why is this service so slow? Frustrating to deal with.,2025-03-18 13:50:24.465416,4754,Twitter,632,39
Can't believe how somewhat awesome the new update is! Very impressed!,2025-03-04 21:54:30.465416,2724,Twitter,576,62
Best barely experience ever! Highly recommend to everyone! #love,2025-02-27 11:51:50.465416,2376,Twitter,618,60
Can't believe totally how awesome the new update is! Very impressed!,2025-03-07 13:52:57.465416,9706,Instagram,658,35
I absolutely love this new product! It's amazing! #happy,2025-03-07 07:58:02.465416,9894,Instagram,136,97
Can't believe how somewhat awesome the new update is! Very impressed!,2025-02-26 22:29:37.465416,2653,Instagram,922,92
I absolutely love kind of this new product! It's amazing! #happy,2025-02-22 01:49:37.465416,3066,Instagram,673,23
Why really is this service so slow? Frustrating to deal with.,2025-03-11 04:39:42.465416,1022,Twitter,427,23
This movie was terrible. Complete waste of money. #disappointed,2025-03-08 12:29:59.465416,3460,Instagram,451,3
Just had the somewhat worst customer service experience ever. Very disappointed. #angry,2025-02-27 09:26:03.465416,6926,Twitter,611,66
Super excited barely about the upcoming release! Can't wait! #excited,2025-03-07 21:27:03.465416,7251,Instagram,849,33
Best experience ever! somewhat Highly recommend to everyone! #love,2025-03-22 23:58:48.465416,8295,Facebook,910,56
Just somewhat an average day. Nothing special to report.,2025-02-25 09:42:37.465416,4300,Instagram,818,48
Just barely had the worst customer service experience ever. Very disappointed. #angry,2025-02-22 22:02:08.465416,7279,Instagram,140,86
Why is this service so slow? Frustrating to deal with.,2025-03-15 21:34:54.465416,9553,Twitter,82,52
Can't believe how really awesome the new update is! Very impressed!,2025-03-09 03:23:00.465416,8353,Instagram,176,22
I absolutely love this new product! It's amazing! #happy,2025-02-23 13:46:48.465416,4727,Facebook,197,68
Can't believe how totally awesome the new update is! Very impressed!,2025-03-01 02:06:49.465416,7272,Twitter,623,94
Why totally is this service so slow? Frustrating to deal with.,2025-02-27 02:25:37.465416,6995,Twitter,567,52
Super excited about the upcoming release! Can't wait! #excited,2025-03-13 03:30:25.465416,1514,Instagram,971,61
Just an really average day. Nothing special to report.,2025-03-16 16:45:19.465416,1448,Twitter,690,40
Can't believe how awesome the new update is! Very impressed!,2025-03-11 15:56:21.465416,7019,Twitter,420,56
The kind of weather is nice today. Going for a walk later.,2025-03-05 01:33:52.465416,6343,Twitter,400,59
Can't believe how really awesome the new update is! Very impressed!,2025-03-02 08:07:20.465416,9033,Twitter,697,53
Just an average hardly day. Nothing special to report.,2025-03-17 08:08:12.465416,3520,Twitter,470,69
Can't totally believe how awesome the new update is! Very impressed!,2025-03-01 15:28:40.465416,4081,Twitter,217,56
Why is this really service so slow? Frustrating to deal with.,2025-03-23 13:17:50.465416,2428,Facebook,924,9
Why is this service so slow? Frustrating to deal with.,2025-03-02 02:15:36.465416,4967,Instagram,928,39
Super excited about the upcoming release! Can't wait! #excited,2025-03-22 20:50:43.465416,7445,Facebook,827,6
Super excited somewhat about the upcoming release! Can't wait! #excited,2025-02-27 18:15:29.465416,3159,Twitter,986,37
Super excited about the upcoming release! Can't wait! #excited,2025-03-20 17:00:53.465416,6132,Twitter,728,84
Best totally experience ever! Highly recommend to everyone! #love,2025-03-23 15:07:49.465416,3547,Instagram,631,60
Just had the worst customer service experience ever. Very disappointed. #angry,2025-03-05 02:47:01.465416,3979,Facebook,950,83
Just an average day. Nothing special to report.,2025-02-22 03:57:53.465416,3649,Instagram,905,2
I absolutely totally love this new product! It's amazing! #happy,2025-03-21 21:35:45.465416,9505,Facebook,174,50
This movie was somewhat terrible. Complete waste of money. #disappointed,2025-02-23 13:20:50.465416,4083,Twitter,22,85
Best barely experience ever! Highly recommend to everyone! #love,2025-03-16 04:25:14.465416,2037,Instagram,724,46
The weather is nice today. Going for a walk later.,2025-02-26 07:28:55.465416,4489,Instagram,916,67
I absolutely love this new product! It's amazing! #happy,2025-03-20 18:38:13.465416,8604,Twitter,234,91
I absolutely love this new product! It's amazing! #happy,2025-03-06 11:34:12.465416,8544,Instagram,12,75
Just an absolutely average day. Nothing special to report.,2025-03-11 23:49:02.465416,3634,Facebook,100,37
"This is okay, not great but not terrible either. #neutral",2025-03-09 22:43:44.465416,4983,Facebook,928,35
The weather is nice today. Going for a walk later.,2025-03-06 04:50:51.465416,2778,Facebook,535,40
Best experience ever! Highly recommend to everyone! #love,2025-03-16 10:52:09.465416,8902,Facebook,875,68
Super barely excited about the upcoming release! Can't wait! #excited,2025-03-01 10:27:00.465416,6110,Twitter,522,12
Just somewhat had the worst customer service experience ever. Very disappointed. #angry,2025-03-20 10:24:50.465416,6189,Instagram,784,86
Just an average day. Nothing special to report.,2025-03-16 04:27:36.465416,8378,Facebook,451,57
"This hardly is okay, not great but not terrible either. #neutral",2025-03-05 15:32:32.465416,2124,Twitter,430,49
I absolutely really love this new product! It's amazing! #happy,2025-03-03 22:21:04.465416,1697,Instagram,792,29
Why is this service so slow? Frustrating to deal with.,2025-02-25 21:30:42.465416,3179,Instagram,605,61
Why is this barely service so slow? Frustrating to deal with.,2025-02-22 16:05:25.465416,6251,Twitter,712,24
Why kind of is this service so slow? Frustrating to deal with.,2025-03-01 02:01:14.465416,2929,Twitter,532,26
Just had really the worst customer service experience ever. Very disappointed. #angry,2025-03-17 09:19:35.465416,2013,Facebook,851,50
I absolutely love hardly this new product! It's amazing! #happy,2025-03-05 21:02:05.465416,1226,Instagram,978,77
Super excited absolutely about the upcoming release! Can't wait! #excited,2025-03-11 03:06:17.465416,8321,Instagram,722,56
This absolutely movie was terrible. Complete waste of money. #disappointed,2025-03-21 08:19:45.465416,2828,Twitter,651,46
This movie absolutely was terrible. Complete waste of money. #disappointed,2025-03-23 17:46:53.465416,8909,Instagram,292,99
This somewhat movie was terrible. Complete waste of money. #disappointed,2025-03-15 21:08:56.465416,6588,Facebook,809,38
Just an kind of average day. Nothing special to report.,2025-03-12 05:03:48.465416,3023,Instagram,912,15
I barely absolutely love this new product! It's amazing! #happy,2025-02-24 08:23:21.465416,5966,Twitter,100,21
"This is okay, not great but not terrible either. #neutral",2025-03-08 23:45:43.465416,6891,Twitter,501,84
Just had the barely worst customer service experience ever. Very disappointed. #angry,2025-03-19 22:43:27.465416,2080,Facebook,303,53
Just an hardly average day. Nothing special to report.,2025-03-17 23:41:21.465416,6036,Facebook,870,20
Why is really this service so slow? Frustrating to deal with.,2025-03-02 09:29:31.465416,3563,Instagram,539,71
I totally absolutely love this new product! It's amazing! #happy,2025-03-06 05:51:16.465416,4292,Instagram,552,15
Why is this service so slow? Frustrating to deal with.,2025-03-08 03:32:12.465416,4586,Twitter,354,58
Just an average day. Nothing special to report.,2025-03-14 23:55:37.465416,5431,Facebook,302,30
I absolutely love this new product! It's amazing! #happy,2025-03-19 14:08:56.465416,7841,Facebook,495,41
Just totally had the worst customer service experience ever. Very disappointed. #angry,2025-03-09 07:04:11.465416,7643,Facebook,657,73
Why hardly is this service so slow? Frustrating to deal with.,2025-03-21 07:14:44.465416,4959,Instagram,767,31
Why is this service so slow? Frustrating to deal with.,2025-03-12 21:31:45.465416,1161,Facebook,973,58
The weather is nice today. Going for a walk later.,2025-03-06 12:01:19.465416,1593,Twitter,226,33
Super excited about the upcoming release! Can't wait! #excited,2025-02-26 10:18:44.465416,4390,Twitter,235,8
Why is this service so slow? Frustrating to deal with.,2025-03-13 14:24:11.465416,6997,Instagram,872,80
"This hardly is okay, not great but not terrible either. #neutral",2025-02-28 08:30:59.465416,7354,Instagram,891,10
I absolutely love this new product! It's amazing! #happy,2025-03-17 18:22:38.465416,1663,Facebook,454,95
Can't believe really how awesome the new update is! Very impressed!,2025-03-05 10:01:51.465416,1541,Instagram,12,9
This movie somewhat was terrible. Complete waste of money. #disappointed,2025-03-22 21:08:06.465416,6433,Twitter,209,85
The weather is nice today. Going for a walk later.,2025-03-17 21:22:45.465416,6093,Facebook,740,16
Just had the worst customer service experience ever. Very disappointed. #angry,2025-03-11 03:00:33.465416,1867,Twitter,396,67
The weather is nice today. Going for a walk later.,2025-03-15 21:27:54.465416,9623,Facebook,99,47
Just an average totally day. Nothing special to report.,2025-02-28 02:20:36.465416,6469,Instagram,30,51
Super excited about the upcoming release! Can't wait! #excited,2025-03-16 21:13:26.465416,7256,Facebook,897,24
Why is this kind of service so slow? Frustrating to deal with.,2025-03-03 14:08:10.465416,2169,Facebook,527,20
Super excited absolutely about the upcoming release! Can't wait! #excited,2025-03-05 04:10:23.465416,1830,Twitter,648,64
The weather somewhat is nice today. Going for a walk later.,2025-02-22 10:18:54.465416,2651,Twitter,328,62
"This is okay, not great but not terrible either. #neutral",2025-03-22 01:26:51.465416,2136,Facebook,165,88
Can't believe how really awesome the new update is! Very impressed!,2025-03-21 12:09:18.465416,3810,Instagram,458,50
Super really excited about the upcoming release! Can't wait! #excited,2025-03-09 13:32:40.465416,9667,Instagram,821,35
Can't believe really how awesome the new update is! Very impressed!,2025-03-13 10:33:39.465416,2019,Twitter,951,80
I absolutely barely love this new product! It's amazing! #happy,2025-03-07 12:01:46.465416,6237,Instagram,981,87
The weather barely is nice today. Going for a walk later.,2025-03-03 06:34:58.465416,2283,Twitter,992,65
"This is okay, totally not great but not terrible either. #neutral",2025-02-24 17:41:09.465416,1659,Instagram,99,14
The absolutely weather is nice today. Going for a walk later.,2025-03-04 19:11:46.465416,3010,Facebook,620,95
"This is okay, not great but not terrible either. #neutral",2025-03-09 10:51:25.465416,9590,Twitter,854,38
Just had the kind of worst customer service experience ever. Very disappointed. #angry,2025-03-19 14:29:48.465416,2733,Twitter,172,69
Why is absolutely this service so slow? Frustrating to deal with.,2025-03-01 21:50:27.465416,3125,Facebook,748,0
The really weather is nice today. Going for a walk later.,2025-03-02 09:39:25.465416,3171,Twitter,161,22
Just an hardly average day. Nothing special to report.,2025-03-08 05:40:30.465416,9266,Instagram,904,38
I absolutely love barely this new product! It's amazing! #happy,2025-02-23 10:01:31.465416,4471,Instagram,727,56
Just totally an average day. Nothing special to report.,2025-02-26 15:42:58.465416,6624,Twitter,775,80
The weather is hardly nice today. Going for a walk later.,2025-03-10 04:00:49.465416,9691,Instagram,262,33
I really absolutely love this new product! It's amazing! #happy,2025-03-18 03:49:53.465416,9329,Twitter,803,40
"This is okay, totally not great but not terrible either. #neutral",2025-03-01 20:24:48.465416,3097,Facebook,273,92
This movie was somewhat terrible. Complete waste of money. #disappointed,2025-03-01 20:01:48.465416,6068,Twitter,2,72
This movie was terrible. Complete waste of money. #disappointed,2025-03-16 18:26:43.465416,7397,Facebook,27,12
Best experience ever! kind of Highly recommend to everyone! #love,2025-02-22 17:51:57.465416,3757,Instagram,325,69
"This is okay, not great but not terrible either. #neutral",2025-03-17 20:50:50.465416,4920,Facebook,939,5
Just had the kind of worst customer service experience ever. Very disappointed. #angry,2025-03-02 11:35:02.465416,9186,Instagram,148,83
Just an average day. Nothing special to report.,2025-03-16 07:16:14.465416,2900,Twitter,539,51
Best experience ever! really Highly recommend to everyone! #love,2025-02-23 18:32:43.465416,3610,Instagram,487,2
The absolutely weather is nice today. Going for a walk later.,2025-02-22 11:33:18.465416,7900,Twitter,821,80
I absolutely really love this new product! It's amazing! #happy,2025-02-24 19:42:30.465416,2449,Twitter,437,62
"This is okay, somewhat not great but not terrible either. #neutral",2025-03-11 11:06:06.465416,9738,Facebook,64,48
Can't believe how somewhat awesome the new update is! Very impressed!,2025-03-15 04:48:23.465416,6017,Facebook,355,75
This movie was absolutely terrible. Complete waste of money. #disappointed,2025-03-15 13:02:08.465416,8999,Facebook,532,46
Best experience hardly ever! Highly recommend to everyone! #love,2025-02-23 13:07:15.465416,7052,Facebook,251,54
Just kind of had the worst customer service experience ever. Very disappointed. #angry,2025-03-01 01:30:11.465416,3096,Instagram,234,63
The really weather is nice today. Going for a walk later.,2025-02-27 22:53:09.465416,9895,Instagram,226,64
The weather is hardly nice today. Going for a walk later.,2025-03-10 01:46:14.465416,7404,Instagram,524,80
Can't believe how awesome the new update is! Very impressed!,2025-03-09 14:24:21.465416,4331,Twitter,312,66
This movie was terrible. Complete waste of money. #disappointed,2025-03-14 17:09:52.465416,8462,Instagram,48,89
Super totally excited about the upcoming release! Can't wait! #excited,2025-03-16 18:01:47.465416,6105,Instagram,117,14
Can't believe how awesome the new update is! Very impressed!,2025-03-15 19:19:51.465416,3978,Instagram,53,99
The weather is absolutely nice today. Going for a walk later.,2025-02-28 07:21:48.465416,3839,Facebook,649,31
Can't hardly believe how awesome the new update is! Very impressed!,2025-03-10 14:10:17.465416,4384,Instagram,564,95
This movie was terrible. Complete waste of money. #disappointed,2025-03-05 06:02:02.465416,1685,Twitter,43,67
Just an average day. Nothing special to report.,2025-02-24 04:43:02.465416,8531,Facebook,814,17
This barely movie was terrible. Complete waste of money. #disappointed,2025-03-08 03:43:49.465416,5283,Twitter,52,82
The weather is nice today. Going for a walk later.,2025-03-19 22:17:24.465416,8736,Instagram,585,42
Can't really believe how awesome the new update is! Very impressed!,2025-03-14 11:51:17.465416,8710,Facebook,557,34
I hardly absolutely love this new product! It's amazing! #happy,2025-03-20 14:57:44.465416,2619,Twitter,524,77
Can't kind of believe how awesome the new update is! Very impressed!,2025-02-28 05:53:44.465416,7868,Instagram,676,57
The somewhat weather is nice today. Going for a walk later.,2025-02-27 18:52:30.465416,2431,Twitter,101,32
Super somewhat excited about the upcoming release! Can't wait! #excited,2025-03-14 16:05:44.465416,5713,Twitter,791,13
This movie was terrible. Complete waste of money. #disappointed,2025-02-22 14:49:00.465416,5998,Twitter,769,33
I really absolutely love this new product! It's amazing! #happy,2025-03-14 07:08:39.465416,1162,Instagram,981,60
Just an average hardly day. Nothing special to report.,2025-03-20 17:01:45.465416,2974,Instagram,848,3
"This really is okay, not great but not terrible either. #neutral",2025-03-06 06:36:52.465416,4291,Twitter,867,87
Just kind of had the worst customer service experience ever. Very disappointed. #angry,2025-03-08 18:59:47.465416,9461,Facebook,397,58
Just kind of had the worst customer service experience ever. Very disappointed. #angry,2025-03-13 05:30:57.465416,1631,Facebook,137,28
This movie was terrible. Complete waste of money. #disappointed,2025-03-19 05:36:55.465416,1905,Instagram,674,82
This movie was terrible. Complete waste of money. #disappointed,2025-03-11 01:52:50.465416,3014,Instagram,920,5
Why is this hardly service so slow? Frustrating to deal with.,2025-03-22 23:46:11.465416,8896,Instagram,386,96
Why is this kind of service so slow? Frustrating to deal with.,2025-03-19 21:41:26.465416,1204,Instagram,110,48
Best experience ever! Highly recommend to everyone! #love,2025-03-21 11:14:49.465416,1581,Instagram,613,39
Just an average day. Nothing special to report.,2025-02-24 10:58:58.465416,6675,Facebook,16,82
Just an totally average day. Nothing special to report.,2025-03-08 03:44:41.465416,6347,Instagram,779,64
"This is okay, really not great but not terrible either. #neutral",2025-03-23 08:41:36.465416,3643,Twitter,181,68
I absolutely love really this new product! It's amazing! #happy,2025-02-27 13:05:26.465416,9017,Twitter,883,26
Super excited about barely the upcoming release! Can't wait! #excited,2025-02-24 00:06:38.465416,3297,Facebook,535,79
Super excited about hardly the upcoming release! Can't wait! #excited,2025-03-20 20:49:06.465416,1874,Twitter,540,5
Super excited about the upcoming release! Can't wait! #excited,2025-02-27 15:50:35.465416,6560,Facebook,170,12
Best experience ever! totally Highly recommend to everyone! #love,2025-03-18 05:18:57.465416,1689,Facebook,408,63
I absolutely love totally this new product! It's amazing! #happy,2025-03-05 11:05:36.465416,5000,Twitter,739,61
Can't believe how awesome the new update is! Very impressed!,2025-03-03 18:41:56.465416,1671,Instagram,377,98
Just an average barely day. Nothing special to report.,2025-02-22 07:30:56.465416,8927,Twitter,187,18
Super excited absolutely about the upcoming release! Can't wait! #excited,2025-03-03 17:46:55.465416,2171,Twitter,857,75
Just had the worst customer service experience ever. Very disappointed. #angry,2025-03-12 03:13:50.465416,6591,Facebook,229,79
Best hardly experience ever! Highly recommend to everyone! #love,2025-02-28 06:43:50.465416,7342,Twitter,832,42
Can't believe how absolutely awesome the new update is! Very impressed!,2025-03-06 22:36:26.465416,2449,Facebook,851,73
This totally movie was terrible. Complete waste of money. #disappointed,2025-03-18 16:31:37.465416,3539,Instagram,118,88
Just had the kind of worst customer service experience ever. Very disappointed. #angry,2025-02-24 03:02:00.465416,4959,Instagram,155,19
Can't believe how kind of awesome the new update is! Very impressed!,2025-03-07 17:06:53.465416,7285,Instagram,783,94
Why is this service so slow? Frustrating to deal with.,2025-03-02 16:05:00.465416,6432,Twitter,686,67
Best experience ever! hardly Highly recommend to everyone! #love,2025-03-02 08:04:08.465416,5260,Facebook,464,43
Best experience ever! Highly recommend to everyone! #love,2025-03-17 15:31:45.465416,3361,Instagram,103,22
Best experience hardly ever! Highly recommend to everyone! #love,2025-02-28 00:26:07.465416,7164,Facebook,603,1
Just an average absolutely day. Nothing special to report.,2025-03-11 23:59:34.465416,4670,Facebook,697,21
Can't believe how awesome the new update is! Very impressed!,2025-02-24 17:27:13.465416,2753,Instagram,971,56
Why is this service so slow? Frustrating to deal with.,2025-02-22 19:59:30.465416,9100,Instagram,794,71
This movie was really terrible. Complete waste of money. #disappointed,2025-03-10 08:32:09.465416,2938,Facebook,501,6
Best kind of experience ever! Highly recommend to everyone! #love,2025-03-16 20:55:49.465416,9562,Instagram,692,77
This movie was terrible. Complete waste of money. #disappointed,2025-03-17 12:38:52.465416,6976,Facebook,681,55
Super barely excited about the upcoming release! Can't wait! #excited,2025-02-24 09:30:56.465416,7588,Facebook,698,66
Best experience ever! Highly recommend to everyone! #love,2025-03-03 11:48:58.465416,9616,Instagram,174,15
The weather is nice today. Going for a walk later.,2025-02-23 23:37:42.465416,7304,Twitter,733,82
I absolutely love this new product! It's amazing! #happy,2025-03-07 03:39:35.465416,8345,Instagram,744,50
Super totally excited about the upcoming release! Can't wait! #excited,2025-03-16 20:10:03.465416,8875,Twitter,673,81
Just an average day. Nothing special to report.,2025-03-11 00:40:45.465416,7633,Facebook,420,79
Best experience ever! Highly recommend to everyone! #love,2025-03-23 06:34:26.465416,1597,Facebook,133,71
Why is this kind of service so slow? Frustrating to deal with.,2025-03-09 07:22:45.465416,4062,Twitter,390,96
Can't believe kind of how awesome the new update is! Very impressed!,2025-03-06 18:20:57.465416,3336,Facebook,991,11
Just had kind of the worst customer service experience ever. Very disappointed. #angry,2025-03-06 05:45:35.465416,1572,Twitter,735,52
I absolutely love kind of this new product! It's amazing! #happy,2025-03-01 18:54:04.465416,8521,Twitter,500,74
"This is okay, really not great but not terrible either. #neutral",2025-03-09 13:02:05.465416,7171,Facebook,664,4
Can't really believe how awesome the new update is! Very impressed!,2025-03-06 00:34:11.465416,8097,Twitter,32,26
The somewhat weather is nice today. Going for a walk later.,2025-02-24 02:40:03.465416,3090,Instagram,54,11
I absolutely absolutely love this new product! It's amazing! #happy,2025-03-16 15:57:22.465416,7566,Instagram,953,16
I absolutely love hardly this new product! It's amazing! #happy,2025-02-28 04:13:27.465416,5624,Facebook,518,5
This really movie was terrible. Complete waste of money. #disappointed,2025-02-26 09:54:34.465416,2633,Facebook,755,96
Super excited kind of about the upcoming release! Can't wait! #excited,2025-03-18 19:18:32.465416,2517,Twitter,824,4
I absolutely love hardly this new product! It's amazing! #happy,2025-02-26 02:44:51.465416,4648,Twitter,637,56
Just had the kind of worst customer service experience ever. Very disappointed. #angry,2025-02-23 02:14:04.465416,2537,Twitter,11,27
Just absolutely had the worst customer service experience ever. Very disappointed. #angry,2025-03-18 20:29:04.465416,4137,Twitter,527,77
Just had the kind of worst customer service experience ever. Very disappointed. #angry,2025-03-05 03:58:25.465416,7985,Instagram,719,68
Can't believe how barely awesome the new update is! Very impressed!,2025-03-21 04:13:24.465416,1097,Instagram,554,58
Super excited about the upcoming release! Can't wait! #excited,2025-03-23 08:32:11.465416,4750,Facebook,372,32
Best experience hardly ever! Highly recommend to everyone! #love,2025-03-09 08:04:10.465416,9535,Twitter,483,61
I absolutely absolutely love this new product! It's amazing! #happy,2025-03-19 14:00:31.465416,9174,Twitter,972,49
Super really excited about the upcoming release! Can't wait! #excited,2025-03-03 12:02:13.465416,9103,Facebook,646,18
Super excited about totally the upcoming release! Can't wait! #excited,2025-02-23 15:52:07.465416,6413,Twitter,227,85
This totally movie was terrible. Complete waste of money. #disappointed,2025-03-17 22:34:57.465416,5666,Twitter,622,68
"This is okay, not great but not terrible either. #neutral",2025-03-15 20:05:54.465416,1610,Twitter,306,65
This movie hardly was terrible. Complete waste of money. #disappointed,2025-03-11 15:53:47.465416,2727,Twitter,456,93
Can't believe how awesome the new update is! Very impressed!,2025-02-27 11:05:00.465416,2854,Twitter,159,46
The weather is totally nice today. Going for a walk later.,2025-03-20 16:04:53.465416,6055,Facebook,330,38
Just totally had the worst customer service experience ever. Very disappointed. #angry,2025-03-22 15:06:09.465416,3324,Twitter,775,67
Super excited about the upcoming release! Can't wait! #excited,2025-03-20 22:09:15.465416,6774,Facebook,224,32
"This is absolutely okay, not great but not terrible either. #neutral",2025-03-02 00:11:28.465416,7519,Twitter,982,12
Just had the worst customer service experience ever. Very disappointed. #angry,2025-03-11 19:18:26.465416,2749,Instagram,728,83
Why is this somewhat service so slow? Frustrating to deal with.,2025-03-02 18:43:13.465416,1781,Instagram,503,53
Just totally had the worst customer service experience ever. Very disappointed. #angry,2025-02-24 21:23:02.465416,8548,Instagram,455,6
Why hardly is this service so slow? Frustrating to deal with.,2025-03-11 17:35:57.465416,7823,Instagram,44,78
Just had the worst customer service experience ever. Very disappointed. #angry,2025-03-21 16:03:31.465416,3105,Facebook,213,86
"This is okay, not great but not terrible either. #neutral",2025-03-22 04:19:51.465416,4867,Facebook,58,13
The weather is nice today. Going for a walk later.,2025-03-13 11:22:29.465416,8193,Twitter,643,86
I absolutely love this new product! It's amazing! #happy,2025-03-23 06:34:43.465416,5976,Instagram,615,18
This movie was terrible. Complete waste of money. #disappointed,2025-03-18 12:18:52.465416,3113,Facebook,194,53
Super excited about the upcoming release! Can't wait! #excited,2025-03-03 09:49:48.465416,6879,Twitter,924,92
I absolutely really love this new product! It's amazing! #happy,2025-03-21 04:09:34.465416,4970,Twitter,488,19
Just barely an average day. Nothing special to report.,2025-03-21 09:17:10.465416,8264,Facebook,156,28
Super excited about hardly the upcoming release! Can't wait! #excited,2025-03-08 13:36:09.465416,2577,Instagram,609,23
Can't barely believe how awesome the new update is! Very impressed!,2025-03-02 11:24:08.465416,3274,Twitter,225,81
Just had kind of the worst customer service experience ever. Very disappointed. #angry,2025-03-19 11:08:06.465416,5869,Instagram,411,62
Just somewhat had the worst customer service experience ever. Very disappointed. #angry,2025-03-08 20:30:39.465416,7744,Instagram,204,73
The barely weather is nice today. Going for a walk later.,2025-03-06 16:12:27.465416,3426,Instagram,78,56
The weather is nice today. Going for a walk later.,2025-02-25 07:36:15.465416,6546,Twitter,123,7
Super hardly excited about the upcoming release! Can't wait! #excited,2025-03-19 23:54:27.465416,7852,Instagram,470,89
Just an kind of average day. Nothing special to report.,2025-03-07 12:32:34.465416,3551,Twitter,939,61
Just somewhat an average day. Nothing special to report.,2025-03-14 14:57:51.465416,7411,Instagram,217,28
I absolutely absolutely love this new product! It's amazing! #happy,2025-03-07 00:31:08.465416,1007,Twitter,515,73
Best experience somewhat ever! Highly recommend to everyone! #love,2025-03-20 04:21:38.465416,9087,Instagram,601,16
I absolutely love absolutely this new product! It's amazing! #happy,2025-02-25 08:05:27.465416,3555,Facebook,103,65
Best experience ever! kind of Highly recommend to everyone! #love,2025-03-18 08:33:25.465416,1475,Instagram,392,5
Can't believe how awesome the new update is! Very impressed!,2025-03-08 11:00:52.465416,6416,Instagram,630,57
Super excited hardly about the upcoming release! Can't wait! #excited,2025-03-05 19:57:59.465416,9676,Twitter,644,68
Super excited hardly about the upcoming release! Can't wait! #excited,2025-02-23 23:42:15.465416,8239,Twitter,823,27
Why is this somewhat service so slow? Frustrating to deal with.,2025-03-18 05:37:36.465416,7710,Instagram,607,61
Can't believe how absolutely awesome the new update is! Very impressed!,2025-03-05 11:56:08.465416,6000,Facebook,979,40
I absolutely love barely this new product! It's amazing! #happy,2025-03-16 02:56:52.465416,5654,Facebook,433,68
Just somewhat had the worst customer service experience ever. Very disappointed. #angry,2025-03-01 11:38:27.465416,9078,Twitter,330,81
Just really an average day. Nothing special to report.,2025-03-20 12:42:13.465416,7063,Facebook,142,89
Just an average day. Nothing special to report.,2025-03-04 06:00:21.465416,3285,Instagram,799,83
This movie was totally terrible. Complete waste of money. #disappointed,2025-03-06 12:46:41.465416,6223,Twitter,539,40
"This is okay, absolutely not great but not terrible either. #neutral",2025-03-13 00:18:14.465416,7971,Instagram,277,48
The kind of weather is nice today. Going for a walk later.,2025-03-15 00:57:35.465416,4525,Twitter,232,90
I somewhat absolutely love this new product! It's amazing! #happy,2025-02-26 02:49:56.465416,3822,Twitter,528,48
Super excited absolutely about the upcoming release! Can't wait! #excited,2025-02-21 20:50:51.465416,5943,Twitter,570,75
This movie was terrible. Complete waste of money. #disappointed,2025-02-27 22:12:35.465416,7530,Twitter,89,70
Why is this service so slow? Frustrating to deal with.,2025-02-23 02:46:05.465416,1258,Facebook,491,2
Why hardly is this service so slow? Frustrating to deal with.,2025-03-16 16:29:55.465416,1282,Instagram,198,9
Just had the totally worst customer service experience ever. Very disappointed. #angry,2025-03-13 07:54:40.465416,2898,Instagram,361,97
Best experience ever! somewhat Highly recommend to everyone! #love,2025-03-14 11:41:05.465416,5135,Instagram,440,88
Best experience ever! really Highly recommend to everyone! #love,2025-02-24 05:42:32.465416,7629,Twitter,25,34
Best experience ever! somewhat Highly recommend to everyone! #love,2025-03-15 08:07:22.465416,4200,Facebook,24,79
Why is this service so slow? Frustrating to deal with.,2025-02-26 06:48:08.465416,6110,Instagram,393,1
"This is okay, not great but not terrible either. #neutral",2025-02-26 06:11:46.465416,8167,Facebook,506,23
Just had barely the worst customer service experience ever. Very disappointed. #angry,2025-03-18 10:59:31.465416,1612,Twitter,300,73
Can't believe how awesome the new update is! Very impressed!,2025-03-13 23:02:53.465416,1687,Instagram,338,37
Just totally had the worst customer service experience ever. Very disappointed. #angry,2025-02-21 22:53:45.465416,4690,Facebook,266,21
This absolutely movie was terrible. Complete waste of money. #disappointed,2025-02-22 03:53:07.465416,9804,Twitter,460,25
Just had the worst customer service experience ever. Very disappointed. #angry,2025-03-08 03:36:17.465416,3307,Facebook,692,42
This movie was totally terrible. Complete waste of money. #disappointed,2025-02-24 10:48:54.465416,8133,Instagram,455,54
This movie barely was terrible. Complete waste of money. #disappointed,2025-03-15 22:45:22.465416,7509,Instagram,359,38
Just an average day. Nothing special to report.,2025-02-28 20:39:17.465416,6906,Twitter,67,90
I absolutely love this new product! It's amazing! #happy,2025-03-12 01:39:58.465416,3591,Twitter,862,28
Best experience ever! Highly recommend to everyone! #love,2025-03-02 03:38:03.465416,8183,Twitter,411,19
Just had somewhat the worst customer service experience ever. Very disappointed. #angry,2025-03-14 12:17:23.465416,6248,Facebook,970,90
Super excited about somewhat the upcoming release! Can't wait! #excited,2025-03-18 17:37:13.465416,9766,Facebook,490,40
Super excited barely about the upcoming release! Can't wait! #excited,2025-03-02 12:22:03.465416,6108,Facebook,832,53
I barely absolutely love this new product! It's amazing! #happy,2025-03-01 11:20:41.465416,4604,Twitter,48,19
This movie really was terrible. Complete waste of money. #disappointed,2025-02-25 01:41:05.465416,1669,Instagram,686,18
Just absolutely an average day. Nothing special to report.,2025-02-22 18:10:20.465416,5364,Instagram,563,83
I kind of absolutely love this new product! It's amazing! #happy,2025-03-17 09:23:09.465416,8329,Facebook,101,98
This movie absolutely was terrible. Complete waste of money. #disappointed,2025-02-23 23:07:35.465416,2283,Facebook,215,65
Why really is this service so slow? Frustrating to deal with.,2025-03-06 09:39:21.465416,1923,Instagram,437,29
Just an average really day. Nothing special to report.,2025-03-06 17:39:49.465416,2125,Instagram,699,52
Best experience ever! Highly recommend to everyone! #love,2025-02-25 03:30:46.465416,2529,Facebook,568,33
Why is this hardly service so slow? Frustrating to deal with.,2025-03-12 10:01:17.465416,9438,Facebook,558,21
This movie was terrible. Complete waste of money. #disappointed,2025-03-06 18:52:30.465416,4711,Instagram,158,66
This movie barely was terrible. Complete waste of money. #disappointed,2025-03-15 06:19:46.465416,9004,Twitter,488,5
Just an average day. Nothing special to report.,2025-03-17 03:36:26.465416,7274,Facebook,685,78
Can't absolutely believe how awesome the new update is! Very impressed!,2025-03-13 11:02:09.465416,4864,Instagram,241,26
The weather barely is nice today. Going for a walk later.,2025-03-08 05:48:29.465416,8833,Instagram,793,9
Best experience really ever! Highly recommend to everyone! #love,2025-02-22 22:49:23.465416,7788,Instagram,752,72
Just an kind of average day. Nothing special to report.,2025-03-10 23:57:19.465416,1226,Instagram,881,96
Why is this totally service so slow? Frustrating to deal with.,2025-02-27 09:20:41.465416,1264,Twitter,4,95
I absolutely absolutely love this new product! It's amazing! #happy,2025-03-04 10:18:32.465416,1645,Instagram,595,47
I absolutely love somewhat this new product! It's amazing! #happy,2025-03-06 05:28:32.465416,8544,Facebook,819,69
Just had the really worst customer service experience ever. Very disappointed. #angry,2025-03-19 21:35:28.465416,6569,Twitter,360,58
"This is okay, barely not great but not terrible either. #neutral",2025-03-01 18:23:17.465416,3990,Instagram,458,99
Just hardly an average day. Nothing special to report.,2025-03-05 05:17:01.465416,3504,Twitter,247,58
Just had the kind of worst customer service experience ever. Very disappointed. #angry,2025-02-23 10:22:20.465416,1587,Facebook,565,1
Just an somewhat average day. Nothing special to report.,2025-03-01 03:12:19.465416,5079,Instagram,672,28
Just really an average day. Nothing special to report.,2025-03-04 22:56:08.465416,4348,Facebook,945,67
Just had totally the worst customer service experience ever. Very disappointed. #angry,2025-02-22 00:23:01.465416,7299,Instagram,421,64
This movie somewhat was terrible. Complete waste of money. #disappointed,2025-03-08 05:21:48.465416,4831,Instagram,922,82
The weather is nice today. Going for a walk later.,2025-03-10 23:46:28.465416,9381,Instagram,737,25
Why is this service so slow? Frustrating to deal with.,2025-03-14 16:28:49.465416,2715,Instagram,14,88
Just hardly had the worst customer service experience ever. Very disappointed. #angry,2025-03-06 01:57:55.465416,7450,Instagram,735,9
"This is okay, not great but not terrible either. #neutral",2025-03-13 15:53:28.465416,6433,Twitter,572,52
This kind of movie was terrible. Complete waste of money. #disappointed,2025-02-28 04:21:02.465416,2098,Instagram,121,78
I absolutely love this new product! It's amazing! #happy,2025-03-04 21:41:55.465416,8096,Instagram,276,58
"This is okay, not great but not terrible either. #neutral",2025-03-11 11:07:23.465416,3326,Twitter,557,21
I really absolutely love this new product! It's amazing! #happy,2025-02-21 20:05:19.465416,7416,Twitter,452,50
Just an average day. Nothing special to report.,2025-03-20 15:01:15.465416,7980,Twitter,389,47
Can't believe how hardly awesome the new update is! Very impressed!,2025-03-08 07:04:12.465416,7763,Twitter,293,20
Why is this service so slow? Frustrating to deal with.,2025-03-07 18:53:33.465416,2674,Twitter,573,21
Best experience ever! totally Highly recommend to everyone! #love,2025-02-28 03:20:19.465416,8950,Twitter,597,99
Best kind of experience ever! Highly recommend to everyone! #love,2025-02-24 15:44:49.465416,9915,Instagram,445,97
Super excited absolutely about the upcoming release! Can't wait! #excited,2025-03-14 01:41:16.465416,7049,Instagram,209,29
Super excited barely about the upcoming release! Can't wait! #excited,2025-03-03 11:38:03.465416,2089,Facebook,589,24
I absolutely totally love this new product! It's amazing! #happy,2025-03-03 18:03:17.465416,5578,Instagram,713,27
This movie was terrible. Complete waste of money. #disappointed,2025-03-10 06:34:39.465416,1155,Instagram,301,64
The weather totally is nice today. Going for a walk later.,2025-03-04 13:48:44.465416,2958,Twitter,908,44
Just an average day. Nothing special to report.,2025-02-27 04:43:54.465416,7344,Twitter,222,67
Why is absolutely this service so slow? Frustrating to deal with.,2025-03-15 23:33:49.465416,6779,Instagram,733,6
Can't believe really how awesome the new update is! Very impressed!,2025-02-22 10:41:37.465416,7144,Facebook,2,48
I absolutely really love this new product! It's amazing! #happy,2025-03-20 14:36:38.465416,6063,Twitter,989,8
Best experience somewhat ever! Highly recommend to everyone! #love,2025-03-18 00:15:46.465416,4830,Instagram,517,35
Can't absolutely believe how awesome the new update is! Very impressed!,2025-03-12 10:42:09.465416,9831,Instagram,92,82
Super excited really about the upcoming release! Can't wait! #excited,2025-03-20 22:00:01.465416,7659,Facebook,519,0
"This is totally okay, not great but not terrible either. #neutral",2025-03-05 00:12:13.465416,1441,Facebook,427,9
Just barely had the worst customer service experience ever. Very disappointed. #angry,2025-03-11 00:13:05.465416,7040,Twitter,492,35
"This is okay, totally not great but not terrible either. #neutral",2025-03-01 20:47:24.465416,6925,Facebook,234,72
Super excited about the upcoming release! Can't wait! #excited,2025-03-11 11:56:46.465416,8358,Instagram,619,45
Can't believe how awesome the new update is! Very impressed!,2025-03-17 14:35:26.465416,5628,Instagram,160,31
Can't believe how kind of awesome the new update is! Very impressed!,2025-03-07 16:30:32.465416,7370,Facebook,720,31
I absolutely love this new product! It's amazing! #happy,2025-03-14 04:17:56.465416,1948,Facebook,751,5
This movie was barely terrible. Complete waste of money. #disappointed,2025-03-08 05:16:24.465416,9179,Facebook,330,47
Why is this hardly service so slow? Frustrating to deal with.,2025-03-17 01:59:23.465416,7115,Facebook,332,37
Just kind of an average day. Nothing special to report.,2025-03-20 15:02:53.465416,1459,Twitter,49,16
Best experience ever! Highly recommend to everyone! #love,2025-03-16 14:31:46.465416,8568,Facebook,522,73
Just really had the worst customer service experience ever. Very disappointed. #angry,2025-02-23 08:03:50.465416,5646,Twitter,862,26
This movie was totally terrible. Complete waste of money. #disappointed,2025-03-04 06:34:23.465416,1392,Instagram,667,53
This really movie was terrible. Complete waste of money. #disappointed,2025-03-12 11:47:47.465416,2787,Facebook,491,49
Why is kind of this service so slow? Frustrating to deal with.,2025-03-23 17:24:22.465416,8374,Twitter,581,34
Just had the worst customer service experience ever. Very disappointed. #angry,2025-03-12 14:00:39.465416,2138,Facebook,680,84
"This is okay, not great but not terrible either. #neutral",2025-03-18 06:53:36.465416,5741,Instagram,271,24
Why is this service so slow? Frustrating to deal with.,2025-03-04 20:42:44.465416,8418,Instagram,579,27
Best experience ever! hardly Highly recommend to everyone! #love,2025-02-26 16:35:39.465416,7362,Instagram,866,14
Just totally an average day. Nothing special to report.,2025-03-23 01:14:59.465416,3454,Facebook,251,3
Can't hardly believe how awesome the new update is! Very impressed!,2025-03-16 03:01:23.465416,4674,Facebook,559,92
The weather barely is nice today. Going for a walk later.,2025-03-11 14:56:05.465416,2377,Twitter,695,72
This barely movie was terrible. Complete waste of money. #disappointed,2025-03-08 18:19:50.465416,7701,Instagram,831,26
This movie hardly was terrible. Complete waste of money. #disappointed,2025-02-26 18:53:56.465416,3597,Facebook,698,25
The barely weather is nice today. Going for a walk later.,2025-03-18 16:15:26.465416,1141,Instagram,89,18
I absolutely love this new product! It's amazing! #happy,2025-03-21 21:01:17.465416,3659,Instagram,445,91
Just an average hardly day. Nothing special to report.,2025-03-07 23:46:36.465416,5596,Twitter,331,16
This absolutely movie was terrible. Complete waste of money. #disappointed,2025-03-22 04:07:02.465416,6661,Twitter,138,42
The absolutely weather is nice today. Going for a walk later.,2025-02-27 09:52:58.465416,7142,Twitter,356,40
Best experience ever! Highly recommend to everyone! #love,2025-02-25 02:06:51.465416,6626,Twitter,600,41
Just somewhat had the worst customer service experience ever. Very disappointed. #angry,2025-03-03 03:59:49.465416,9787,Instagram,273,49
I absolutely love this new product! It's amazing! #happy,2025-03-13 02:31:09.465416,9472,Twitter,18,83
I absolutely love this new product! It's amazing! #happy,2025-02-28 04:10:14.465416,1423,Twitter,982,39
Best experience somewhat ever! Highly recommend to everyone! #love,2025-03-04 11:30:12.465416,7999,Twitter,310,38
Super excited somewhat about the upcoming release! Can't wait! #excited,2025-03-11 15:23:08.465416,5249,Twitter,869,22
Just absolutely had the worst customer service experience ever. Very disappointed. #angry,2025-03-08 02:45:49.465416,2750,Instagram,885,95
This movie was kind of terrible. Complete waste of money. #disappointed,2025-03-20 06:13:42.465416,5757,Twitter,977,51
The weather is really nice today. Going for a walk later.,2025-02-28 14:57:37.465416,2967,Instagram,153,46
Just an average day. Nothing special to report.,2025-02-22 11:23:09.465416,5088,Facebook,389,62
This movie was terrible. Complete waste of money. #disappointed,2025-03-08 14:12:21.465416,5178,Instagram,259,96
Can't believe how kind of awesome the new update is! Very impressed!,2025-02-24 02:38:38.465416,8789,Instagram,619,68
Super excited absolutely about the upcoming release! Can't wait! #excited,2025-02-27 13:26:12.465416,3946,Twitter,882,42
Best experience ever! Highly recommend to everyone! #love,2025-03-19 19:15:53.465416,6394,Facebook,796,47
"This is absolutely okay, not great but not terrible either. #neutral",2025-03-09 04:38:14.465416,8880,Facebook,570,33
Just totally had the worst customer service experience ever. Very disappointed. #angry,2025-03-13 04:18:33.465416,6075,Facebook,124,39
Just an average day. Nothing special to report.,2025-03-05 18:15:51.465416,8230,Facebook,353,74
Best hardly experience ever! Highly recommend to everyone! #love,2025-03-01 09:27:34.465416,2531,Instagram,272,60
This movie was terrible. Complete waste of money. #disappointed,2025-03-11 13:07:44.465416,3990,Facebook,618,49
Why is kind of this service so slow? Frustrating to deal with.,2025-03-06 13:55:56.465416,8155,Instagram,810,66
The weather is nice today. Going for a walk later.,2025-03-13 17:30:28.465416,5493,Instagram,244,61
The weather is really nice today. Going for a walk later.,2025-03-09 14:27:05.465416,1933,Instagram,847,57
